Name,State_Num,Geography Type,Year,Resident Population,Percent Change in Resident Population,Resident Population Density,Resident Population Density Rank,Number of Representatives,Change in Number of Representatives,Average Apportionment Population Per Representative
Alabama,22,State,1910,2138093,16.9,42.2,25,10,1,"213,809"
Alabama,22,State,1920,2348174,9.8,46.4,25,10,0,"234,817"
Alabama,22,State,1930,2646248,12.7,52.3,24,9,-1,"294,027"
Alabama,22,State,1940,2832961,7.1,55.9,23,9,0,"314,773"
Alabama,22,State,1950,3061743,8.1,60.5,24,9,0,"340,194"
Alabama,22,State,1960,3266740,6.7,64.5,28,8,-1,"408,343"
Alabama,22,State,1970,3444165,5.4,68,28,7,-1,"496,555"
Alabama,22,State,1980,3893888,13.1,76.9,28,7,0,"555,723"
Alabama,22,State,1990,4040587,3.8,79.8,27,7,0,"580,373"
Alabama,22,State,2000,4447100,10.1,87.8,28,7,0,"637,304"
Alabama,22,State,2010,4779736,7.5,94.4,29,7,0,"686,140"
Alabama,22,State,2020,5024279,5.1,99.2,29,7,0,"718,579"
Alaska,49,State,1910,64356,1.2,0.1,52,,,
Alaska,49,State,1920,55036,-14.5,0.1,52,,,
Alaska,49,State,1930,59278,7.7,0.1,52,,,
Alaska,49,State,1940,72524,22.3,0.1,52,,,
Alaska,49,State,1950,128643,77.4,0.2,52,,,
Alaska,49,State,1960,226167,75.8,0.4,52,1,1,"226,167"
Alaska,49,State,1970,300382,32.8,0.5,52,1,0,"304,067"
Alaska,49,State,1980,401851,33.8,0.7,52,1,0,"400,481"
Alaska,49,State,1990,550043,36.9,1,52,1,0,"551,947"
Alaska,49,State,2000,626932,14,1.1,52,1,0,"628,933"
Alaska,49,State,2010,710231,13.3,1.2,52,1,0,"721,523"
Alaska,49,State,2020,733391,3.3,1.3,52,1,0,"736,081"
Arizona,48,State,1910,204354,66.2,1.8,49,,,
Arizona,48,State,1920,334162,63.5,2.9,49,1,1,"309,495"
Arizona,48,State,1930,435573,30.3,3.8,47,1,1,"389,375"
Arizona,48,State,1940,499261,14.6,4.4,47,2,1,"249,631"
Arizona,48,State,1950,749587,50.1,6.6,47,2,0,"374,794"
Arizona,48,State,1960,1302161,73.7,11.5,43,3,1,"434,054"
Arizona,48,State,1970,1770900,36,15.6,43,4,1,"446,905"
Arizona,48,State,1980,2718215,53.5,23.9,42,5,1,"543,573"
Arizona,48,State,1990,3665228,34.8,32.3,39,6,1,"612,998"
Arizona,48,State,2000,5130632,40,45.2,38,8,2,"642,585"
Arizona,48,State,2010,6392017,24.6,56.3,35,9,1,"712,522"
Arizona,48,State,2020,7151502,11.9,62.9,35,9,0,"795,436"
Arkansas,25,State,1910,1574449,20,30.3,30,7,0,"224,921"
Arkansas,25,State,1920,1752204,11.3,33.7,31,7,0,"250,315"
Arkansas,25,State,1930,1854482,5.8,35.6,32,7,0,"264,921"
Arkansas,25,State,1940,1949387,5.1,37.5,32,7,0,"278,484"
Arkansas,25,State,1950,1909511,-2,36.7,34,6,-1,"318,252"
Arkansas,25,State,1960,1786272,-6.5,34.3,36,4,-2,"446,568"
Arkansas,25,State,1970,1923295,7.7,37,37,4,0,"485,576"
Arkansas,25,State,1980,2286435,18.9,43.9,37,4,0,"571,378"
Arkansas,25,State,1990,2350725,2.8,45.2,37,4,0,"590,560"
Arkansas,25,State,2000,2673400,13.7,51.4,36,4,0,"669,933"
Arkansas,25,State,2010,2915918,9.1,56,36,4,0,"731,557"
Arkansas,25,State,2020,3011524,3.3,57.9,36,4,0,"753,439"
California,31,State,1910,2377549,60.1,15.3,38,11,3,"216,051"
California,31,State,1920,3426861,44.1,22,35,11,0,"311,457"
California,31,State,1930,5677251,65.7,36.4,31,20,9,"283,412"
California,31,State,1940,6907387,21.7,44.3,30,23,3,"300,321"
California,31,State,1950,10586223,53.3,68,22,30,7,"352,874"
California,31,State,1960,15717204,48.5,100.9,15,38,8,"413,611"
California,31,State,1970,19953134,27,128.1,15,43,5,"467,415"
California,31,State,1980,23667902,18.6,151.9,16,45,2,"525,968"
California,31,State,1990,29760021,25.7,191,14,52,7,"573,832"
California,31,State,2000,33871648,13.8,217.4,14,53,1,"640,204"
California,31,State,2010,37253956,10,239.1,13,53,0,"704,566"
California,31,State,2020,39538223,6.1,253.7,13,52,-1,"761,091"
Colorado,38,State,1910,799024,48,7.7,42,4,1,"199,643"
Colorado,38,State,1920,939629,17.6,9.1,42,4,0,"234,790"
Colorado,38,State,1930,1035791,10.2,10,41,4,0,"258,712"
Colorado,38,State,1940,1123296,8.4,10.8,42,4,0,"280,824"
Colorado,38,State,1950,1325089,18,12.8,42,4,0,"331,272"
Colorado,38,State,1960,1753947,32.4,16.9,42,4,0,"438,487"
Colorado,38,State,1970,2207259,25.8,21.3,41,5,1,"445,354"
Colorado,38,State,1980,2889964,30.9,27.9,40,6,1,"481,472"
Colorado,38,State,1990,3294394,14,31.8,40,6,0,"551,319"
Colorado,38,State,2000,4301261,30.6,41.5,39,7,1,"615,983"
Colorado,38,State,2010,5029196,16.9,48.5,39,7,0,"720,704"
Colorado,38,State,2020,5773714,14.8,55.7,39,8,1,"722,771"
Connecticut,5,State,1910,1114756,22.7,230.2,6,5,0,"222,951"
Connecticut,5,State,1920,1380631,23.9,285.1,6,5,0,"276,126"
Connecticut,5,State,1930,1606903,16.4,331.8,6,6,1,"267,816"
Connecticut,5,State,1940,1709242,6.4,353,6,6,0,"284,874"
Connecticut,5,State,1950,2007280,17.4,414.5,6,6,0,"334,547"
Connecticut,5,State,1960,2535234,26.3,523.6,6,6,0,"422,539"
Connecticut,5,State,1970,3031709,19.6,626.1,6,6,0,"508,449"
Connecticut,5,State,1980,3107576,2.5,641.7,6,6,0,"517,929"
Connecticut,5,State,1990,3287116,5.8,678.8,6,6,0,"549,278"
Connecticut,5,State,2000,3405565,3.6,703.3,6,5,-1,"681,907"
Connecticut,5,State,2010,3574097,4.9,738.1,6,5,0,"716,326"
Connecticut,5,State,2020,3605944,0.9,744.7,6,5,0,"721,660"
Delaware,1,State,1910,202322,9.5,103.8,11,1,0,"202,322"
Delaware,1,State,1920,223003,10.2,114.4,12,1,0,"223,003"
Delaware,1,State,1930,238380,6.9,122.3,12,1,0,"238,380"
Delaware,1,State,1940,266505,11.8,136.8,12,1,0,"266,505"
Delaware,1,State,1950,318085,19.4,163.2,11,1,0,"318,085"
Delaware,1,State,1960,446292,40.3,229,11,1,0,"446,292"
Delaware,1,State,1970,548104,22.8,281.3,9,1,0,"551,928"
Delaware,1,State,1980,594338,8.4,305,9,1,0,"595,225"
Delaware,1,State,1990,666168,12.1,341.9,9,1,0,"668,696"
Delaware,1,State,2000,783600,17.6,402.1,9,1,0,"785,068"
Delaware,1,State,2010,897934,14.6,460.8,8,1,0,"900,877"
Delaware,1,State,2020,989948,10.2,508,8,1,0,"990,837"
District of Columbia,#N/A,State,1910,331069,18.8,"5,423.10",1,,,
District of Columbia,#N/A,State,1920,437571,32.2,"7,167.60",1,,,
District of Columbia,#N/A,State,1930,486869,11.3,"7,975.10",1,,,
District of Columbia,#N/A,State,1940,663091,36.2,"10,861.70",1,,,
District of Columbia,#N/A,State,1950,802178,21,"13,140.00",1,,,
District of Columbia,#N/A,State,1960,763956,-4.8,"12,513.90",1,,,
District of Columbia,#N/A,State,1970,756510,-1,"12,392.00",1,,,
District of Columbia,#N/A,State,1980,638333,-15.6,"10,456.20",1,,,
District of Columbia,#N/A,State,1990,606900,-4.9,"9,941.30",1,,,
District of Columbia,#N/A,State,2000,572059,-5.7,"9,370.60",1,,,
District of Columbia,#N/A,State,2010,601723,5.2,"9,856.50",1,,,
District of Columbia,#N/A,State,2020,689545,14.6,"11,280.00",1,,,
Florida,27,State,1910,752619,42.4,14,40,4,1,"188,155"
Florida,27,State,1920,968470,28.7,18.1,38,4,0,"242,118"
Florida,27,State,1930,1468211,51.6,27.4,35,5,1,"293,638"
Florida,27,State,1940,1897414,29.2,35.4,33,6,1,"316,236"
Florida,27,State,1950,2771305,46.1,51.7,29,8,2,"346,413"
Florida,27,State,1960,4951560,78.7,92.3,19,12,4,"412,630"
Florida,27,State,1970,6789443,37.1,126.6,16,15,3,"457,047"
Florida,27,State,1980,9746324,43.6,181.8,13,19,4,"512,631"
Florida,27,State,1990,12937926,32.7,241.3,12,23,4,"565,364"
Florida,27,State,2000,15982378,23.5,298,10,25,2,"641,156"
Florida,27,State,2010,18801310,17.6,350.6,10,27,2,"700,029"
Florida,27,State,2020,21538187,14.6,401.4,10,28,1,"770,376"
Georgia,4,State,1910,2609121,17.7,45.4,23,12,1,"217,427"
Georgia,4,State,1920,2895832,11,50.4,21,12,0,"241,319"
Georgia,4,State,1930,2908506,0.4,50.6,26,10,-2,"290,845"
Georgia,4,State,1940,3123723,7.4,54.3,27,10,0,"312,372"
Georgia,4,State,1950,3444578,10.3,59.9,27,10,0,"344,458"
Georgia,4,State,1960,3943116,14.5,68.6,26,10,0,"394,312"
Georgia,4,State,1970,4589575,16.4,79.8,26,10,0,"462,731"
Georgia,4,State,1980,5463105,19,95,24,10,0,"546,427"
Georgia,4,State,1990,6478216,18.6,112.6,23,11,1,"591,674"
Georgia,4,State,2000,8186453,26.4,142.3,20,13,2,"631,306"
Georgia,4,State,2010,9687653,18.3,168.4,20,14,1,"694,826"
Georgia,4,State,2020,10711908,10.6,185.6,19,14,0,"766,091"
Hawaii,50,State,1910,191909,24.6,29.9,31,,,
Hawaii,50,State,1920,255912,33.4,39.8,28,,,
Hawaii,50,State,1930,368336,43.9,57.3,21,,,
Hawaii,50,State,1940,423330,14.9,65.9,20,,,
Hawaii,50,State,1950,499794,18.1,77.8,19,,,
Hawaii,50,State,1960,632772,26.6,98.5,17,2,2,"316,386"
Hawaii,50,State,1970,768561,21.5,119.7,17,2,0,"392,451"
Hawaii,50,State,1980,964691,25.5,150.2,17,2,0,"482,500"
Hawaii,50,State,1990,1108229,14.9,172.6,15,2,0,"557,637"
Hawaii,50,State,2000,1211537,9.3,188.6,15,2,0,"608,321"
Hawaii,50,State,2010,1360301,12.3,211.8,15,2,0,"683,431"
Hawaii,50,State,2020,1455271,7,226.6,15,2,0,"730,069"
Idaho,43,State,1910,325594,101.3,3.9,46,2,1,"161,720"
Idaho,43,State,1920,431866,32.6,5.2,46,2,0,"215,221"
Idaho,43,State,1930,445032,3,5.4,46,2,0,"220,768"
Idaho,43,State,1940,524873,17.9,6.4,46,2,0,"262,437"
Idaho,43,State,1950,588637,12.1,7.1,46,2,0,"294,319"
Idaho,43,State,1960,667191,13.3,8.1,47,2,0,"333,596"
Idaho,43,State,1970,712567,6.8,8.6,47,2,0,"359,961"
Idaho,43,State,1980,943935,32.5,11.4,45,2,0,"471,968"
Idaho,43,State,1990,1006749,6.7,12.2,46,2,0,"505,993"
Idaho,43,State,2000,1293953,28.5,15.7,46,2,0,"648,637"
Idaho,43,State,2010,1567582,21.1,19,46,2,0,"786,750"
Idaho,43,State,2020,1839106,17.3,22.3,46,2,0,"920,689"
Illinois,21,State,1910,5638591,16.9,101.6,12,27,2,"208,837"
Illinois,21,State,1920,6485280,15,116.8,11,27,0,"240,196"
Illinois,21,State,1930,7630654,17.7,137.4,11,27,0,"282,607"
Illinois,21,State,1940,7897241,3.5,142.2,11,26,-1,"303,740"
Illinois,21,State,1950,8712176,10.3,156.9,12,25,-1,"348,487"
Illinois,21,State,1960,10081158,15.7,181.6,12,24,-1,"420,048"
Illinois,21,State,1970,11113976,10.2,200.2,12,24,0,"466,013"
Illinois,21,State,1980,11426518,2.8,205.8,12,22,-2,"519,021"
Illinois,21,State,1990,11430602,0,205.9,13,20,-2,"573,334"
Illinois,21,State,2000,12419293,8.6,223.7,13,19,-1,"654,686"
Illinois,21,State,2010,12830632,3.3,231.1,14,18,-1,"714,688"
Illinois,21,State,2020,12812508,-0.1,230.8,14,17,-1,"754,279"
Indiana,19,State,1910,2700876,7.3,75.4,13,13,0,"207,760"
Indiana,19,State,1920,2930390,8.5,81.8,13,13,0,"225,415"
Indiana,19,State,1930,3238503,10.5,90.4,13,12,-1,"269,873"
Indiana,19,State,1940,3427796,5.8,95.7,13,11,-1,"311,618"
Indiana,19,State,1950,3934224,14.8,109.8,14,11,0,"357,657"
Indiana,19,State,1960,4662498,18.5,130.1,14,11,0,"423,863"
Indiana,19,State,1970,5193669,11.4,145,14,11,0,"475,287"
Indiana,19,State,1980,5490224,5.7,153.2,15,10,-1,"549,018"
Indiana,19,State,1990,5544159,1,154.8,18,10,0,"556,423"
Indiana,19,State,2000,6080485,9.7,169.7,18,9,-1,"676,754"
Indiana,19,State,2010,6483802,6.6,181,18,9,0,"722,398"
Indiana,19,State,2020,6785528,4.7,189.4,18,9,0,"754,476"
Iowa,29,State,1910,2224771,-0.3,39.8,26,11,0,"202,252"
Iowa,29,State,1920,2404021,8.1,43,26,11,0,"218,547"
Iowa,29,State,1930,2470939,2.8,44.2,28,9,-2,"274,491"
Iowa,29,State,1940,2538268,2.7,45.4,29,8,-1,"317,284"
Iowa,29,State,1950,2621073,3.3,46.9,30,8,0,"327,634"
Iowa,29,State,1960,2757537,5.2,49.4,30,7,-1,"393,934"
Iowa,29,State,1970,2824376,2.4,50.6,31,6,-1,"474,487"
Iowa,29,State,1980,2913808,3.2,52.2,34,6,0,"485,565"
Iowa,29,State,1990,2776755,-4.7,49.7,35,5,-1,"557,485"
Iowa,29,State,2000,2926324,5.4,52.4,35,5,0,"586,385"
Iowa,29,State,2010,3046355,4.1,54.5,38,4,-1,"763,447"
Iowa,29,State,2020,3190369,4.7,57.1,38,4,0,"798,102"
Kansas,34,State,1910,1690949,15,20.7,35,8,0,"211,369"
Kansas,34,State,1920,1769257,4.6,21.6,36,8,0,"221,157"
Kansas,34,State,1930,1880999,6.3,23,38,7,-1,"268,500"
Kansas,34,State,1940,1801028,-4.3,22,39,6,-1,"300,171"
Kansas,34,State,1950,1905299,5.8,23.3,39,6,0,"317,550"
Kansas,34,State,1960,2178611,14.3,26.6,39,5,-1,"435,722"
Kansas,34,State,1970,2246578,3.1,27.5,39,5,0,"453,169"
Kansas,34,State,1980,2363679,5.2,28.9,39,5,0,"472,642"
Kansas,34,State,1990,2477574,4.8,30.3,41,4,-1,"621,400"
Kansas,34,State,2000,2688418,8.5,32.9,42,4,0,"673,456"
Kansas,34,State,2010,2853118,6.1,34.9,42,4,0,"715,953"
Kansas,34,State,2020,2937880,3,35.9,43,4,0,"735,216"
Kentucky,15,State,1910,2289905,6.6,58,14,11,0,"208,173"
Kentucky,15,State,1920,2416630,5.5,61.2,15,11,0,"219,694"
Kentucky,15,State,1930,2614589,8.2,66.2,16,9,-2,"290,508"
Kentucky,15,State,1940,2845627,8.8,72.1,17,9,0,"316,181"
Kentucky,15,State,1950,2944806,3.5,74.6,20,8,-1,"368,101"
Kentucky,15,State,1960,3038156,3.2,76.9,23,7,-1,"434,022"
Kentucky,15,State,1970,3218706,5.9,81.5,25,7,0,"463,783"
Kentucky,15,State,1980,3660777,13.7,92.7,25,7,0,"523,062"
Kentucky,15,State,1990,3685296,0.7,93.3,25,6,-1,"616,495"
Kentucky,15,State,2000,4041769,9.7,102.4,25,6,0,"674,905"
Kentucky,15,State,2010,4339367,7.4,109.9,24,6,0,"725,101"
Kentucky,15,State,2020,4505836,3.8,114.1,25,6,0,"751,557"
Louisiana,18,State,1910,1656388,19.9,38.3,29,8,1,"207,049"
Louisiana,18,State,1920,1798509,8.6,41.6,27,8,0,"224,814"
Louisiana,18,State,1930,2101593,16.9,48.6,27,8,0,"262,699"
Louisiana,18,State,1940,2363880,12.5,54.7,26,8,0,"295,485"
Louisiana,18,State,1950,2683516,13.5,62.1,25,8,0,"335,440"
Louisiana,18,State,1960,3257022,21.4,75.4,24,8,0,"407,128"
Louisiana,18,State,1970,3641306,11.8,84.3,22,8,0,"459,001"
Louisiana,18,State,1980,4205900,15.5,97.3,23,8,0,"525,497"
Louisiana,18,State,1990,4219973,0.3,97.7,24,7,-1,"605,459"
Louisiana,18,State,2000,4468976,5.9,103.4,24,7,0,"640,039"
Louisiana,18,State,2010,4533372,1.4,104.9,26,6,-1,"758,994"
Louisiana,18,State,2020,4657757,2.7,107.8,28,6,0,"776,911"
Maine,23,State,1910,742371,6.9,24.1,33,4,0,"185,593"
Maine,23,State,1920,768014,3.5,24.9,34,4,0,"192,004"
Maine,23,State,1930,797423,3.8,25.9,36,3,-1,"265,806"
Maine,23,State,1940,847226,6.2,27.5,36,3,0,"282,409"
Maine,23,State,1950,913774,7.9,29.6,37,3,0,"304,591"
Maine,23,State,1960,969265,6.1,31.4,38,2,-1,"484,633"
Maine,23,State,1970,992048,2.4,32.2,38,2,0,"503,160"
Maine,23,State,1980,1124660,13.4,36.5,38,2,0,"562,330"
Maine,23,State,1990,1227928,9.2,39.8,38,2,0,"616,612"
Maine,23,State,2000,1274923,3.8,41.3,40,2,0,"638,866"
Maine,23,State,2010,1328361,4.2,43.1,40,2,0,"666,537"
Maine,23,State,2020,1362359,2.6,44.2,40,2,0,"681,791"
Maryland,7,State,1910,1295346,9,133.4,9,6,0,"215,891"
Maryland,7,State,1920,1449661,11.9,149.3,9,6,0,"241,610"
Maryland,7,State,1930,1631526,12.5,168.1,9,6,0,"271,920"
Maryland,7,State,1940,1821244,11.6,187.6,9,6,0,"303,541"
Maryland,7,State,1950,2343001,28.6,241.4,8,7,1,"334,714"
Maryland,7,State,1960,3100689,32.3,319.4,8,8,1,"387,586"
Maryland,7,State,1970,3922399,26.5,404.1,7,8,0,"494,212"
Maryland,7,State,1980,4216975,7.5,434.4,7,8,0,"527,056"
Maryland,7,State,1990,4781468,13.4,492.6,7,8,0,"599,828"
Maryland,7,State,2000,5296486,10.8,545.6,7,8,0,"663,486"
Maryland,7,State,2010,5773552,9,594.8,7,8,0,"723,741"
Maryland,7,State,2020,6177224,7,636.1,7,8,0,"773,160"
Massachusetts,6,State,1910,3366416,20,431.6,3,16,2,"210,401"
Massachusetts,6,State,1920,3852356,14.4,493.9,3,16,0,"240,772"
Massachusetts,6,State,1930,4249614,10.3,544.8,4,15,-1,"283,307"
Massachusetts,6,State,1940,4316721,1.6,553.4,4,14,-1,"308,337"
Massachusetts,6,State,1950,4690514,8.7,601.3,5,14,0,"335,037"
Massachusetts,6,State,1960,5148578,9.8,660.1,5,12,-2,"429,048"
Massachusetts,6,State,1970,5689170,10.5,729.4,5,12,0,"477,223"
Massachusetts,6,State,1980,5737037,0.8,735.5,5,11,-1,"521,549"
Massachusetts,6,State,1990,6016425,4.9,771.3,5,10,-1,"602,905"
Massachusetts,6,State,2000,6349097,5.5,814,5,10,0,"635,557"
Massachusetts,6,State,2010,6547629,3.1,839.4,5,9,-1,"728,849"
Massachusetts,6,State,2020,7029917,7.4,901.2,5,9,0,"781,497"
Michigan,26,State,1910,2810173,16.1,49.7,19,13,1,"216,167"
Michigan,26,State,1920,3668412,30.5,64.9,14,13,0,"282,186"
Michigan,26,State,1930,4842325,32,85.6,14,17,4,"284,827"
Michigan,26,State,1940,5256106,8.5,93,14,17,0,"309,183"
Michigan,26,State,1950,6371766,21.2,112.7,13,18,1,"353,987"
Michigan,26,State,1960,7823194,22.8,138.4,13,19,1,"411,747"
Michigan,26,State,1970,8875083,13.4,157,13,19,0,"470,379"
Michigan,26,State,1980,9262078,4.4,163.8,14,18,-1,"514,352"
Michigan,26,State,1990,9295297,0.4,164.4,16,16,-2,"583,049"
Michigan,26,State,2000,9938444,6.9,175.8,17,15,-1,"663,722"
Michigan,26,State,2010,9883640,-0.6,174.8,19,14,-1,"707,973"
Michigan,26,State,2020,10077331,2,178,20,13,-1,"775,726"
Minnesota,32,State,1910,2075708,18.5,26.1,32,10,1,"207,438"
Minnesota,32,State,1920,2387125,15,30,32,10,0,"238,566"
Minnesota,32,State,1930,2563953,7.4,32.2,34,9,-1,"283,509"
Minnesota,32,State,1940,2792300,8.9,35.1,34,9,0,"310,256"
Minnesota,32,State,1950,2982483,6.8,37.5,33,9,0,"331,387"
Minnesota,32,State,1960,3413864,14.5,42.9,32,8,-1,"426,733"
Minnesota,32,State,1970,3804971,11.5,47.8,33,8,0,"479,147"
Minnesota,32,State,1980,4075970,7.1,51.2,35,8,0,"509,644"
Minnesota,32,State,1990,4375099,7.3,54.9,33,8,0,"548,379"
Minnesota,32,State,2000,4919479,12.4,61.8,33,8,0,"615,709"
Minnesota,32,State,2010,5303925,7.8,66.6,33,8,0,"664,360"
Minnesota,32,State,2020,5706494,7.6,71.7,32,8,0,"713,719"
Mississippi,20,State,1910,1797114,15.8,38.3,28,8,0,"224,639"
Mississippi,20,State,1920,1790618,-0.4,38.2,29,8,0,"223,827"
Mississippi,20,State,1930,2009821,12.2,42.8,29,7,-1,"286,879"
Mississippi,20,State,1940,2183796,8.7,46.5,28,7,0,"311,971"
Mississippi,20,State,1950,2178914,-0.2,46.4,31,6,-1,"363,152"
Mississippi,20,State,1960,2178141,0,46.4,31,5,-1,"435,628"
Mississippi,20,State,1970,2216912,1.8,47.2,34,5,0,"446,770"
Mississippi,20,State,1980,2520638,13.7,53.7,33,5,0,"504,128"
Mississippi,20,State,1990,2573216,2.1,54.8,34,5,0,"517,289"
Mississippi,20,State,2000,2844658,10.5,60.6,34,4,-1,"713,232"
Mississippi,20,State,2010,2967297,4.3,63.2,34,4,0,"744,560"
Mississippi,20,State,2020,2961279,-0.2,63.1,34,4,0,"740,979"
Missouri,24,State,1910,3293335,6,47.9,21,16,0,"205,833"
Missouri,24,State,1920,3404055,3.4,49.5,22,16,0,"212,753"
Missouri,24,State,1930,3629367,6.6,52.8,23,13,-3,"279,162"
Missouri,24,State,1940,3784664,4.3,55.1,24,13,0,"291,128"
Missouri,24,State,1950,3954653,4.5,57.5,28,11,-2,"359,514"
Missouri,24,State,1960,4319813,9.2,62.8,29,10,-1,"431,981"
Missouri,24,State,1970,4676501,8.3,68,28,10,0,"471,803"
Missouri,24,State,1980,4916686,5.1,71.5,29,9,-1,"546,383"
Missouri,24,State,1990,5117073,4.1,74.4,29,9,0,"570,867"
Missouri,24,State,2000,5595211,9.3,81.4,29,9,0,"622,918"
Missouri,24,State,2010,5988927,7,87.1,30,8,-1,"751,435"
Missouri,24,State,2020,6154913,2.8,89.5,30,8,0,"770,035"
Montana,41,State,1910,376053,54.5,2.6,48,2,1,"183,169"
Montana,41,State,1920,548889,46,3.8,47,2,0,"270,756"
Montana,41,State,1930,537606,-2.1,3.7,48,2,0,"262,365"
Montana,41,State,1940,559456,4.1,3.8,49,2,0,"279,728"
Montana,41,State,1950,591024,5.6,4.1,49,2,0,"295,512"
Montana,41,State,1960,674767,14.2,4.6,49,2,0,"337,384"
Montana,41,State,1970,694409,2.9,4.8,49,2,0,"350,787"
Montana,41,State,1980,786690,13.3,5.4,50,2,0,"393,345"
Montana,41,State,1990,799065,1.6,5.5,50,1,-1,"803,655"
Montana,41,State,2000,902195,12.9,6.2,50,1,0,"905,316"
Montana,41,State,2010,989415,9.7,6.8,50,1,0,"994,416"
Montana,41,State,2020,1084225,9.6,7.4,50,2,1,"542,704"
Nebraska,37,State,1910,1192214,11.8,15.5,37,6,0,"198,702"
Nebraska,37,State,1920,1296372,8.7,16.9,40,6,0,"216,062"
Nebraska,37,State,1930,1377963,6.3,17.9,40,5,-1,"275,025"
Nebraska,37,State,1940,1315834,-4.5,17.1,40,4,-1,"328,959"
Nebraska,37,State,1950,1325510,0.7,17.3,40,4,0,"331,378"
Nebraska,37,State,1960,1411330,6.5,18.4,40,3,-1,"470,443"
Nebraska,37,State,1970,1483493,5.1,19.3,42,3,0,"498,940"
Nebraska,37,State,1980,1569825,5.8,20.4,43,3,0,"523,335"
Nebraska,37,State,1990,1578385,0.5,20.5,44,3,0,"528,206"
Nebraska,37,State,2000,1711263,8.4,22.3,44,3,0,"571,790"
Nebraska,37,State,2010,1826341,6.7,23.8,45,3,0,"610,608"
Nebraska,37,State,2020,1961504,7.4,25.5,45,3,0,"654,444"
Nevada,36,State,1910,81875,93.4,0.7,51,1,0,"80,293"
Nevada,36,State,1920,77407,-5.5,0.7,51,1,0,"75,820"
Nevada,36,State,1930,91058,17.6,0.8,51,1,0,"86,390"
Nevada,36,State,1940,110247,21.1,1,51,1,0,"110,247"
Nevada,36,State,1950,160083,45.2,1.5,51,1,0,"160,083"
Nevada,36,State,1960,285278,78.2,2.6,51,1,0,"285,278"
Nevada,36,State,1970,488738,71.3,4.5,50,1,0,"492,396"
Nevada,36,State,1980,800493,63.8,7.3,49,2,1,"399,592"
Nevada,36,State,1990,1201833,50.1,10.9,47,2,0,"603,076"
Nevada,36,State,2000,1998257,66.3,18.2,45,3,1,"667,344"
Nevada,36,State,2010,2700551,35.1,24.6,44,4,1,"677,358"
Nevada,36,State,2020,3104614,15,28.3,44,4,0,"777,116"
New Hampshire,9,State,1910,430572,4.6,48.1,20,2,0,"215,286"
New Hampshire,9,State,1920,443083,2.9,49.5,22,2,0,"221,542"
New Hampshire,9,State,1930,465293,5,52,25,2,0,"232,646"
New Hampshire,9,State,1940,491524,5.6,54.9,25,2,0,"245,762"
New Hampshire,9,State,1950,533242,8.5,59.6,26,2,0,"266,621"
New Hampshire,9,State,1960,606921,13.8,67.8,27,2,0,"303,461"
New Hampshire,9,State,1970,737681,21.5,82.4,23,2,0,"373,142"
New Hampshire,9,State,1980,920610,24.8,102.8,22,2,0,"460,305"
New Hampshire,9,State,1990,1109252,20.5,123.9,20,2,0,"556,958"
New Hampshire,9,State,2000,1235786,11.4,138,22,2,0,"619,208"
New Hampshire,9,State,2010,1316470,6.5,147,23,2,0,"660,723"
New Hampshire,9,State,2020,1377529,4.6,153.8,23,2,0,"689,545"
New Jersey,3,State,1910,2537167,34.7,345,4,12,2,"211,431"
New Jersey,3,State,1920,3155900,24.4,429.1,4,12,0,"262,992"
New Jersey,3,State,1930,4041334,28.1,549.5,3,14,2,"288,666"
New Jersey,3,State,1940,4160165,2.9,565.7,3,14,0,"297,155"
New Jersey,3,State,1950,4835329,16.2,657.5,4,14,0,"345,381"
New Jersey,3,State,1960,6066782,25.5,824.9,3,15,1,"404,452"
New Jersey,3,State,1970,7168164,18.2,974.7,2,15,0,"480,536"
New Jersey,3,State,1980,7364823,2.7,"1,001.40",2,14,-1,"526,011"
New Jersey,3,State,1990,7730188,5,"1,051.10",2,13,-1,"596,049"
New Jersey,3,State,2000,8414350,8.9,"1,144.20",2,13,0,"648,027"
New Jersey,3,State,2010,8791894,4.5,"1,195.50",2,12,-1,"733,958"
New Jersey,3,State,2020,9288994,5.7,"1,263.00",2,12,0,"774,541"
New Mexico,47,State,1910,327301,67.6,2.7,47,,,
New Mexico,47,State,1920,360350,10.1,3,48,1,1,"353,428"
New Mexico,47,State,1930,423317,17.5,3.5,49,1,1,"395,982"
New Mexico,47,State,1940,531818,25.6,4.4,47,2,1,"265,909"
New Mexico,47,State,1950,681187,28.1,5.6,48,2,0,"340,594"
New Mexico,47,State,1960,951023,39.6,7.8,48,2,0,"475,512"
New Mexico,47,State,1970,1016000,6.8,8.4,48,2,0,"513,332"
New Mexico,47,State,1980,1302894,28.2,10.7,46,3,1,"433,323"
New Mexico,47,State,1990,1515069,16.3,12.5,45,3,0,"507,260"
New Mexico,47,State,2000,1819046,20.1,15,47,3,0,"607,940"
New Mexico,47,State,2010,2059179,13.2,17,47,3,0,"689,091"
New Mexico,47,State,2020,2117522,2.8,17.5,47,3,0,"706,740"
New York,11,State,1910,9113614,25.4,193.4,7,43,6,"211,836"
New York,11,State,1920,10385227,14,220.4,7,43,0,"241,409"
New York,11,State,1930,12588066,21.2,267.1,7,45,2,"279,733"
New York,11,State,1940,13479142,7.1,286,7,45,0,"299,536"
New York,11,State,1950,14830192,10,314.7,7,43,-2,"344,888"
New York,11,State,1960,16782304,13.2,356.1,7,41,-2,"409,324"
New York,11,State,1970,18236967,8.7,387,8,39,-2,"470,207"
New York,11,State,1980,17558072,-3.7,372.6,8,34,-5,"516,391"
New York,11,State,1990,17990455,2.5,381.7,8,31,-3,"582,081"
New York,11,State,2000,18976457,5.5,402.7,8,29,-2,"655,344"
New York,11,State,2010,19378102,2.1,411.2,9,27,-2,"719,298"
New York,11,State,2020,20201249,4.2,428.7,9,26,-1,"777,529"
North Carolina,12,State,1910,2206287,16.5,45.4,22,10,0,"220,629"
North Carolina,12,State,1920,2559123,16,52.6,20,10,0,"255,912"
North Carolina,12,State,1930,3170276,23.9,65.2,17,11,1,"287,934"
North Carolina,12,State,1940,3571623,12.7,73.5,16,12,1,"297,635"
North Carolina,12,State,1950,4061929,13.7,83.5,17,12,0,"338,494"
North Carolina,12,State,1960,4556155,12.2,93.7,18,11,-1,"414,196"
North Carolina,12,State,1970,5082059,11.5,104.5,19,11,0,"465,930"
North Carolina,12,State,1980,5881766,15.7,121,19,11,0,"534,039"
North Carolina,12,State,1990,6628637,12.7,136.3,19,12,1,"554,803"
North Carolina,12,State,2000,8049313,21.4,165.6,19,13,1,"620,590"
North Carolina,12,State,2010,9535483,18.5,196.1,17,13,0,"735,829"
North Carolina,12,State,2020,10439388,9.5,214.7,17,14,1,"746,711"
North Dakota,39,State,1910,577056,80.8,8.4,41,3,1,"191,468"
North Dakota,39,State,1920,646872,12.1,9.4,41,3,0,"214,651"
North Dakota,39,State,1930,680845,5.3,9.9,42,2,-1,"336,670"
North Dakota,39,State,1940,641935,-5.7,9.3,43,2,0,"320,968"
North Dakota,39,State,1950,619636,-3.5,9,43,2,0,"309,818"
North Dakota,39,State,1960,632446,2.1,9.2,45,2,0,"316,223"
North Dakota,39,State,1970,617761,-2.3,9,45,1,-1,"624,181"
North Dakota,39,State,1980,652717,5.7,9.5,47,1,0,"652,695"
North Dakota,39,State,1990,638800,-2.1,9.3,48,1,0,"641,364"
North Dakota,39,State,2000,642200,0.5,9.3,49,1,0,"643,756"
North Dakota,39,State,2010,672591,4.7,9.7,49,1,0,"675,905"
North Dakota,39,State,2020,779094,15.8,11.3,49,1,0,"779,702"
Ohio,17,State,1910,4767121,14.7,116.7,10,22,1,"216,687"
Ohio,17,State,1920,5759394,20.8,141,10,22,0,"261,791"
Ohio,17,State,1930,6646697,15.4,162.7,10,24,2,"276,943"
Ohio,17,State,1940,6907612,3.9,169.1,10,23,-1,"300,331"
Ohio,17,State,1950,7946627,15,194.5,10,23,0,"345,506"
Ohio,17,State,1960,9706397,22.1,237.5,10,24,1,"404,433"
Ohio,17,State,1970,10652017,9.7,260.7,11,23,-1,"466,530"
Ohio,17,State,1980,10797630,1.4,264.3,11,21,-2,"514,163"
Ohio,17,State,1990,10847115,0.5,265.5,11,19,-2,"573,017"
Ohio,17,State,2000,11353140,4.7,277.8,11,18,-1,"631,919"
Ohio,17,State,2010,11536504,1.6,282.3,12,16,-2,"723,031"
Ohio,17,State,2020,11799448,2.3,288.8,12,15,-1,"787,257"
Oklahoma,46,State,1910,1657155,109.7,24.2,33,8,8,"207,144"
Oklahoma,46,State,1920,2028283,22.4,29.6,33,8,0,"253,535"
Oklahoma,46,State,1930,2396040,18.1,34.9,33,9,1,"264,691"
Oklahoma,46,State,1940,2336434,-2.5,34.1,35,8,-1,"292,054"
Oklahoma,46,State,1950,2233351,-4.4,32.6,36,6,-2,"372,225"
Oklahoma,46,State,1960,2328284,4.3,33.9,37,6,0,"388,047"
Oklahoma,46,State,1970,2559229,9.9,37.3,36,6,0,"430,914"
Oklahoma,46,State,1980,3025290,18.2,44.1,36,6,0,"504,211"
Oklahoma,46,State,1990,3145585,4,45.9,36,6,0,"526,267"
Oklahoma,46,State,2000,3450654,9.7,50.3,37,5,-1,"691,764"
Oklahoma,46,State,2010,3751351,8.7,54.7,37,5,0,"752,976"
Oklahoma,46,State,2020,3959353,5.5,57.7,37,5,0,"792,703"
Oregon,33,State,1910,672765,62.7,7,44,3,1,"224,255"
Oregon,33,State,1920,783389,16.4,8.2,44,3,0,"261,130"
Oregon,33,State,1930,953786,21.8,9.9,42,3,0,"316,793"
Oregon,33,State,1940,1089684,14.2,11.4,41,4,1,"272,421"
Oregon,33,State,1950,1521341,39.6,15.8,41,4,0,"380,335"
Oregon,33,State,1960,1768687,16.3,18.4,40,4,0,"442,172"
Oregon,33,State,1970,2091385,18.2,21.8,40,4,0,"527,703"
Oregon,33,State,1980,2633105,25.9,27.4,41,5,1,"526,533"
Oregon,33,State,1990,2842321,7.9,29.6,42,5,0,"570,747"
Oregon,33,State,2000,3421399,20.4,35.6,41,5,0,"685,709"
Oregon,33,State,2010,3831074,12,39.9,41,5,0,"769,721"
Oregon,33,State,2020,4237256,10.6,44.1,41,6,1,"706,917"
Pennsylvania,2,State,1910,7665111,21.6,171.3,8,36,4,"212,920"
Pennsylvania,2,State,1920,8720017,13.8,194.9,8,36,0,"242,223"
Pennsylvania,2,State,1930,9631350,10.5,215.3,8,34,-2,"283,274"
Pennsylvania,2,State,1940,9900180,2.8,221.3,8,33,-1,"300,005"
Pennsylvania,2,State,1950,10498012,6,234.6,9,30,-3,"349,934"
Pennsylvania,2,State,1960,11319366,7.8,253,9,27,-3,"419,236"
Pennsylvania,2,State,1970,11793909,4.2,263.6,10,25,-2,"475,373"
Pennsylvania,2,State,1980,11863895,0.6,265.2,10,23,-2,"515,945"
Pennsylvania,2,State,1990,11881643,0.1,265.6,10,21,-2,"567,843"
Pennsylvania,2,State,2000,12281054,3.4,274.5,12,19,-2,"647,404"
Pennsylvania,2,State,2010,12702379,3.4,283.9,11,18,-1,"707,495"
Pennsylvania,2,State,2020,13002700,2.4,290.6,11,17,-1,"765,403"
Puerto Rico,51,State,1910,1118012,17.3,326.5,5,,,
Puerto Rico,51,State,1920,1299809,16.3,379.6,5,,,
Puerto Rico,51,State,1930,1543913,18.8,450.9,5,,,
Puerto Rico,51,State,1940,1869255,21.1,546,5,,,
Puerto Rico,51,State,1950,2210703,18.3,645.7,2,,,
Puerto Rico,51,State,1960,2349544,6.3,686.2,4,,,
Puerto Rico,51,State,1970,2712033,15.4,792.1,4,,,
Puerto Rico,51,State,1980,3196520,17.9,933.6,3,,,
Puerto Rico,51,State,1990,3522037,10.2,"1,028.70",3,,,
Puerto Rico,51,State,2000,3808610,8.1,"1,112.40",3,,,
Puerto Rico,51,State,2010,3725789,-2.2,"1,088.20",3,,,
Puerto Rico,51,State,2020,3285874,-11.8,959.6,4,,,
Rhode Island,13,State,1910,542610,26.6,524.9,2,3,1,"180,870"
Rhode Island,13,State,1920,604397,11.4,584.6,2,3,0,"201,466"
Rhode Island,13,State,1930,687497,13.7,665,2,2,-1,"343,749"
Rhode Island,13,State,1940,713346,3.8,690,2,2,0,"356,673"
Rhode Island,13,State,1950,791896,11,766,3,2,0,"395,948"
Rhode Island,13,State,1960,859488,8.5,831.4,2,2,0,"429,744"
Rhode Island,13,State,1970,946725,10.1,915.8,3,2,0,"478,899"
Rhode Island,13,State,1980,947154,0,916.2,4,2,0,"473,577"
Rhode Island,13,State,1990,1003464,5.9,970.6,4,2,0,"502,992"
Rhode Island,13,State,2000,1048319,4.5,"1,014.00",4,2,0,"524,831"
Rhode Island,13,State,2010,1052567,0.4,"1,018.10",4,2,0,"527,624"
Rhode Island,13,State,2020,1097379,4.3,"1,061.40",3,2,0,"549,082"
South Carolina,8,State,1910,1515400,13.1,50.4,18,7,0,"216,486"
South Carolina,8,State,1920,1683724,11.1,56,19,7,0,"240,532"
South Carolina,8,State,1930,1738765,3.3,57.8,20,6,-1,"289,793"
South Carolina,8,State,1940,1899804,9.3,63.2,21,6,0,"316,634"
South Carolina,8,State,1950,2117027,11.4,70.4,21,6,0,"352,838"
South Carolina,8,State,1960,2382594,12.5,79.3,21,6,0,"397,099"
South Carolina,8,State,1970,2590516,8.7,86.2,21,6,0,"436,220"
South Carolina,8,State,1980,3121820,20.5,103.9,21,6,0,"519,868"
South Carolina,8,State,1990,3486703,11.7,116,22,6,0,"584,285"
South Carolina,8,State,2000,4012012,15.1,133.5,23,6,0,"670,844"
South Carolina,8,State,2010,4625364,15.3,153.9,22,7,1,"663,711"
South Carolina,8,State,2020,5118425,10.7,170.2,21,7,0,"732,102"
South Dakota,40,State,1910,583888,45.4,7.7,42,3,1,"191,892"
South Dakota,40,State,1920,636547,9,8.4,43,3,0,"210,413"
South Dakota,40,State,1930,692849,8.8,9.1,44,2,-1,"336,503"
South Dakota,40,State,1940,642961,-7.2,8.5,44,2,0,"321,481"
South Dakota,40,State,1950,652740,1.5,8.6,44,2,0,"326,370"
South Dakota,40,State,1960,680514,4.3,9,46,2,0,"340,257"
South Dakota,40,State,1970,665507,-2.2,8.8,46,2,0,"336,624"
South Dakota,40,State,1980,690768,3.8,9.1,48,1,-1,"690,178"
South Dakota,40,State,1990,696004,0.8,9.2,49,1,0,"699,999"
South Dakota,40,State,2000,754844,8.5,10,48,1,0,"756,874"
South Dakota,40,State,2010,814180,7.9,10.7,48,1,0,"819,761"
South Dakota,40,State,2020,886667,8.9,11.7,48,1,0,"887,770"
Tennessee,16,State,1910,2184789,8.1,53,15,10,0,"218,479"
Tennessee,16,State,1920,2337885,7,56.7,18,10,0,"233,789"
Tennessee,16,State,1930,2616556,11.9,63.5,18,9,-1,"290,722"
Tennessee,16,State,1940,2915841,11.4,70.7,18,10,1,"291,584"
Tennessee,16,State,1950,3291718,12.9,79.8,18,9,-1,"365,746"
Tennessee,16,State,1960,3567089,8.4,86.5,20,9,0,"396,343"
Tennessee,16,State,1970,3923687,10,95.2,20,8,-1,"495,133"
Tennessee,16,State,1980,4591120,17,111.3,20,9,1,"510,083"
Tennessee,16,State,1990,4877185,6.2,118.3,21,9,0,"544,071"
Tennessee,16,State,2000,5689283,16.7,138,21,9,0,"633,337"
Tennessee,16,State,2010,6346105,11.5,153.9,21,9,0,"708,381"
Tennessee,16,State,2020,6910840,8.9,167.6,22,9,0,"768,544"
Texas,28,State,1910,3896542,27.8,14.9,39,18,2,"216,475"
Texas,28,State,1920,4663228,19.7,17.9,39,18,0,"259,068"
Texas,28,State,1930,5824715,24.9,22.3,39,21,3,"277,362"
Texas,28,State,1940,6414824,10.1,24.6,38,21,0,"305,468"
Texas,28,State,1950,7711194,20.2,29.5,38,22,1,"350,509"
Texas,28,State,1960,9579677,24.2,36.7,35,23,1,"416,508"
Texas,28,State,1970,11196730,16.9,42.9,35,24,1,"470,783"
Texas,28,State,1980,14229191,27.1,54.5,32,27,3,"526,977"
Texas,28,State,1990,16986510,19.4,65,31,30,3,"568,660"
Texas,28,State,2000,20851820,22.8,79.8,30,32,2,"653,250"
Texas,28,State,2010,25145561,20.6,96.3,28,36,4,"701,901"
Texas,28,State,2020,29145505,15.9,111.6,26,38,2,"767,981"
Utah,45,State,1910,373351,34.9,4.5,45,2,1,"185,932"
Utah,45,State,1920,449396,20.4,5.5,45,2,0,"224,194"
Utah,45,State,1930,507847,13,6.2,45,2,0,"252,871"
Utah,45,State,1940,550310,8.4,6.7,45,2,0,"275,155"
Utah,45,State,1950,688862,25.2,8.4,45,2,0,"344,431"
Utah,45,State,1960,890627,29.3,10.8,44,2,0,"445,314"
Utah,45,State,1970,1059273,18.9,12.9,44,2,0,"533,905"
Utah,45,State,1980,1461037,37.9,17.8,44,3,1,"487,012"
Utah,45,State,1990,1722850,17.9,21,43,3,0,"575,928"
Utah,45,State,2000,2233169,29.6,27.2,43,3,0,"745,571"
Utah,45,State,2010,2763885,23.8,33.6,43,4,1,"692,691"
Utah,45,State,2020,3271616,18.4,39.7,42,4,0,"818,813"
Vermont,14,State,1910,355956,3.6,38.6,27,2,0,"177,978"
Vermont,14,State,1920,352428,-1,38.2,30,2,0,"176,214"
Vermont,14,State,1930,359611,2,39,30,1,-1,"359,611"
Vermont,14,State,1940,359231,-0.1,39,31,1,0,"359,231"
Vermont,14,State,1950,377747,5.2,41,32,1,0,"377,747"
Vermont,14,State,1960,389881,3.2,42.3,34,1,0,"389,881"
Vermont,14,State,1970,444330,14,48.2,32,1,0,"448,327"
Vermont,14,State,1980,511456,15.1,55.5,31,1,0,"511,456"
Vermont,14,State,1990,562758,10,61.1,32,1,0,"564,964"
Vermont,14,State,2000,608827,8.2,66.1,32,1,0,"609,890"
Vermont,14,State,2010,625741,2.8,67.9,32,1,0,"630,337"
Vermont,14,State,2020,643077,2.8,69.8,33,1,0,"643,503"
Virginia,10,State,1910,2061612,11.2,52.2,16,10,0,"206,161"
Virginia,10,State,1920,2309187,12,58.5,17,10,0,"230,919"
Virginia,10,State,1930,2421851,4.9,61.3,19,9,-1,"269,092"
Virginia,10,State,1940,2677773,10.6,67.8,19,9,0,"297,530"
Virginia,10,State,1950,3318680,23.9,84,16,10,1,"331,868"
Virginia,10,State,1960,3966949,19.5,100.5,16,10,0,"396,695"
Virginia,10,State,1970,4648494,17.2,117.7,18,10,0,"469,074"
Virginia,10,State,1980,5346818,15,135.4,18,10,0,"534,628"
Virginia,10,State,1990,6187358,15.7,156.7,17,11,1,"565,143"
Virginia,10,State,2000,7078515,14.4,179.2,16,11,0,"645,518"
Virginia,10,State,2010,8001024,13,202.6,16,11,0,"730,703"
Virginia,10,State,2020,8631393,7.9,218.6,16,11,0,"786,777"
Washington,42,State,1910,1141990,120.4,17.2,36,5,2,"228,027"
Washington,42,State,1920,1356621,18.8,20.4,37,5,0,"270,919"
Washington,42,State,1930,1563396,15.2,23.5,37,6,1,"258,737"
Washington,42,State,1940,1736191,11.1,26.1,37,6,0,"289,365"
Washington,42,State,1950,2378963,37,35.8,35,7,1,"339,852"
Washington,42,State,1960,2853214,19.9,42.9,32,7,0,"407,602"
Washington,42,State,1970,3409169,19.5,51.3,30,7,0,"491,927"
Washington,42,State,1980,4132156,21.2,62.2,30,8,1,"516,270"
Washington,42,State,1990,4866692,17.8,73.2,30,9,1,"543,105"
Washington,42,State,2000,5894121,21.1,88.7,27,9,0,"656,520"
Washington,42,State,2010,6724540,14.1,101.2,27,10,1,"675,337"
Washington,42,State,2020,7705281,14.6,115.9,24,10,0,"771,595"
West Virginia,35,State,1910,1221119,27.4,50.8,17,6,1,"203,520"
West Virginia,35,State,1920,1463701,19.9,60.9,15,6,0,"243,950"
West Virginia,35,State,1930,1729205,18.1,71.9,15,6,0,"288,200"
West Virginia,35,State,1940,1901974,10,79.1,15,6,0,"316,996"
West Virginia,35,State,1950,2005552,5.4,83.4,15,6,0,"334,259"
West Virginia,35,State,1960,1860421,-7.2,77.4,22,5,-1,"372,084"
West Virginia,35,State,1970,1744237,-6.2,72.6,27,4,-1,"440,833"
West Virginia,35,State,1980,1949644,11.8,81.1,27,4,0,"487,411"
West Virginia,35,State,1990,1793477,-8,74.6,28,3,-1,"600,542"
West Virginia,35,State,2000,1808344,0.8,75.2,31,3,0,"604,359"
West Virginia,35,State,2010,1852994,2.5,77.1,31,3,0,"619,938"
West Virginia,35,State,2020,1793716,-3.2,74.6,31,2,-1,"897,523"
Wisconsin,30,State,1910,2333860,12.8,43.1,24,11,0,"212,078"
Wisconsin,30,State,1920,2632067,12.8,48.6,24,11,0,"239,210"
Wisconsin,30,State,1930,2939006,11.7,54.3,22,10,-1,"293,172"
Wisconsin,30,State,1940,3137587,6.8,57.9,22,10,0,"313,759"
Wisconsin,30,State,1950,3434575,9.5,63.4,23,10,0,"343,458"
Wisconsin,30,State,1960,3951777,15.1,73,25,10,0,"395,178"
Wisconsin,30,State,1970,4417731,11.8,81.6,24,9,-1,"494,113"
Wisconsin,30,State,1980,4705767,6.5,86.9,26,9,0,"522,815"
Wisconsin,30,State,1990,4891769,4,90.3,26,9,0,"545,194"
Wisconsin,30,State,2000,5363675,9.6,99,26,8,-1,"671,401"
Wisconsin,30,State,2010,5686986,6,105,25,8,0,"712,279"
Wisconsin,30,State,2020,5893718,3.6,108.8,27,8,0,"737,184"
Wyoming,44,State,1910,145965,57.7,1.5,50,1,0,"144,658"
Wyoming,44,State,1920,194402,33.2,2,50,1,0,"193,487"
Wyoming,44,State,1930,225565,16,2.3,50,1,0,"223,630"
Wyoming,44,State,1940,250742,11.2,2.6,50,1,0,"250,742"
Wyoming,44,State,1950,290529,15.9,3,50,1,0,"290,529"
Wyoming,44,State,1960,330066,13.6,3.4,50,1,0,"330,066"
Wyoming,44,State,1970,332416,0.7,3.4,51,1,0,"335,719"
Wyoming,44,State,1980,469557,41.3,4.8,51,1,0,"470,816"
Wyoming,44,State,1990,453588,-3.4,4.7,51,1,0,"455,975"
Wyoming,44,State,2000,493782,8.9,5.1,51,1,0,"495,304"
Wyoming,44,State,2010,563626,14.1,5.8,51,1,0,"568,300"
Wyoming,44,State,2020,576851,2.3,5.9,51,1,0,"577,719"